#domain,port,ioc,ip
096807104.box.freepro.com,443,Possible PiKVM Domain (Unverified),82.96.166.128
096807104.box.freepro.com,80,Possible PiKVM Domain (Unverified),82.96.166.128
11223344.online,8082,Possible NanoKVM Domain (Unverified),78.29.12.0
123825663.box.freepro.com,443,Possible PiKVM Domain (Unverified),149.232.200.68
123825663.box.freepro.com,80,Possible PiKVM Domain (Unverified),149.232.200.68
13391285575.top,63919,Possible PiKVM Domain (Unverified),116.235.254.15
1c.s49.izex.org,8005,Possible NanoKVM Domain (Unverified),85.234.8.225
2008.ink,8443,Possible PiKVM Domain (Unverified),113.66.160.197
235128847.box.freepro.com,4443,Possible PiKVM Domain (Unverified),212.114.31.56
237b8c25fdce.u.channelsdvr.net,10163,Possible GLKVM Domain (Unverified),68.186.201.237
511314520.vip,91,Possible PiKVM Domain (Unverified),175.44.20.12
67979bb109e7.u.channelsdvr.net,10001,Possible GLKVM Domain (Unverified),148.74.144.237
913754280.box.freepro.com,20443,Possible PiKVM Domain (Unverified),130.180.221.66
_dmarc.ci4i15e.r1.glkvm.com,443,Possible GLKVM Domain (Unverified),52.203.137.160
a.nmpepo.top,8443,Possible GLKVM Domain (Unverified),114.222.69.33
aaronvoxel.direct.quickconnect.to,5500,Possible PiKVM Domain (Unverified),98.123.166.42
adminpetrodgiga.netcraze.pro,8989,Possible NanoKVM Domain (Unverified),178.252.115.39
adnanahmad.net,9988,Possible PiKVM Domain (Unverified),107.132.134.154
adnanahmad.net,9989,Possible GLKVM Domain (Unverified),107.132.134.154
adnanahmad.net,9990,Possible GLKVM Domain (Unverified),107.132.134.154
adnanahmad.net,9991,Possible GLKVM Domain (Unverified),107.132.134.154
adobexp.com,3104,Possible TinyPilot KVM Domain (Unverified),45.132.142.135
ai.gh4l.org,2096,Possible PiKVM Domain (Unverified),24.101.18.231
aino1.top,4002,Possible NanoKVM Domain (Unverified),221.214.170.242
alepim.direct.quickconnect.to,443,Possible NanoKVM Domain (Unverified),77.239.252.131
alist.345156389.xyz,8800,Possible PiKVM Domain (Unverified),123.118.141.108
alist.fkapi.top,80,Possible NanoKVM Domain (Unverified),58.152.22.27
ap-2.home.floheberg.xyz,8088,Possible NanoKVM Domain (Unverified),82.64.37.152
api.bloomimg.com,62443,Possible PiKVM Domain (Unverified),213.194.132.128
api.mixrm.net,8000,Possible NanoKVM Domain (Unverified),195.137.223.194
api.turnrelay.com,443,Possible GLKVM Domain (Unverified),107.173.152.173
apipulsedge.siruguet.fr,7536,Possible NanoKVM Domain (Unverified),77.193.113.210
arpage.pro,8080,Possible NanoKVM Domain (Unverified),67.248.13.154
artaban96.direct.quickconnect.to,2848,Possible NanoKVM Domain (Unverified),58.230.65.57
artaban96.direct.quickconnect.to,4828,Possible PiKVM Domain (Unverified),58.230.65.57
artxaos.213.141.128.31.nip.io,15280,Possible NanoKVM Domain (Unverified),213.141.128.31
artxaos.213.141.128.31.nip.io,15343,Possible NanoKVM Domain (Unverified),213.141.128.31
artxaos.213.141.128.31.nip.io,15380,Possible NanoKVM Domain (Unverified),213.141.128.31
asd234fsdffg.asuscomm.com,9876,Possible PiKVM Domain (Unverified),159.196.243.28
asterisk.barab.uk,12345,Possible NanoKVM Domain (Unverified),90.188.237.178
asusin.ru,50443,Possible PiKVM Domain (Unverified),217.25.229.181
aussieloanoffice.com,80,Possible TinyPilot KVM Domain (Unverified),173.231.206.16
auth.cokll.cn,89,Possible PiKVM Domain (Unverified),101.204.204.123
auth.kkcc-5.com,8080,Possible NanoKVM Domain (Unverified),46.188.44.62
auth.sebastienpont.fr,8006,Possible PiKVM Domain (Unverified),92.167.89.247
aw77.ddns.net,82,Possible NanoKVM Domain (Unverified),77.37.178.157
aystd.duckdns.org,8020,Possible NanoKVM Domain (Unverified),95.220.215.218
balsa.dedyn.io,51275,Possible PiKVM Domain (Unverified),101.188.42.95
becomen.synology.me,8091,Possible PiKVM Domain (Unverified),94.224.57.106
benzhang.synology.me,5443,Possible NanoKVM Domain (Unverified),116.237.26.179
best-games.info,22081,Possible GLKVM Domain (Unverified),46.227.243.36
bktv.us,2652,Possible PiKVM Domain (Unverified),159.118.224.230
bootnas.direct.quickconnect.to,443,Possible GLKVM Domain (Unverified),161.97.194.8
box.karteum.ovh,4280,Possible NanoKVM Domain (Unverified),82.67.50.83
brandond.nl,10,Possible NanoKVM Domain (Unverified),87.209.221.178
brasov-ha.duckdns.org,10443,Possible PiKVM Domain (Unverified),188.24.177.224
brigplus.ru,5557,Possible NanoKVM Domain (Unverified),81.30.214.67
bruteforce.me,6586,Possible NanoKVM Domain (Unverified),195.128.97.79
bst.bitdns.de,4443,Possible NanoKVM Domain (Unverified),91.39.81.1
bt.mochulsky.ru,100,Possible NanoKVM Domain (Unverified),185.244.46.172
burbolader.group,80,Possible NanoKVM Domain (Unverified),178.198.3.72
bw.samulab.org,8081,Possible GLKVM Domain (Unverified),91.66.7.137
bwastle.asuscomm.com,443,Possible GLKVM Domain (Unverified),67.208.54.121
c2f0243a071aac7cef406e4a.keenetic.name,4430,Possible NanoKVM Domain (Unverified),217.25.220.208
c98c0ced78c1976a9aedbbf6.keenetic.name,44341,Possible PiKVM Domain (Unverified),78.30.132.13
calendar.grandsever.ru,9236,Possible NanoKVM Domain (Unverified),81.9.21.202
casadolopeznetwork.ddns.net,8007,Possible NanoKVM Domain (Unverified),88.9.48.162
caydenm.com,2443,Possible PiKVM Domain (Unverified),103.85.39.205
certd.dongdongkc.top,10082,Possible PiKVM Domain (Unverified),119.186.197.24
ceva.alexserv.xyz,8282,Possible PiKVM Domain (Unverified),82.77.117.180
chebtrade.netcraze.link,8353,Possible NanoKVM Domain (Unverified),109.195.250.137
chicagoartdealers.org,443,Possible GLKVM Domain (Unverified),38.91.101.210
christiancandelaria.com,443,Possible GLKVM Domain (Unverified),84.196.133.9
christiancandelaria.com,8443,Possible GLKVM Domain (Unverified),84.196.133.9
christrc.ddns.net,9443,Possible GLKVM Domain (Unverified),86.243.187.106
civtart1.ddns.net,39001,Possible NanoKVM Domain (Unverified),87.97.60.11
ckt1984router.myds.me,443,Possible PiKVM Domain (Unverified),58.176.74.214
cloud.betalab.fr,5923,Possible NanoKVM Domain (Unverified),176.190.55.109
cloud.xpen.io,59801,Possible PiKVM Domain (Unverified),46.188.22.50
cyuno8myra8jz7ke.myfritz.net,443,Possible PiKVM Domain (Unverified),78.43.158.217
dashboard.nm.103-198-18-25.nip.io,443,Possible GLKVM Domain (Unverified),103.198.18.25
deadatdawn.crazedns.ru,8745,Possible GLKVM Domain (Unverified),194.28.29.99
deb-mtx.xevel.ru,2280,Possible NanoKVM Domain (Unverified),85.234.24.182
dectopala.direct.quickconnect.to,60443,Possible GLKVM Domain (Unverified),70.51.211.121
deepblueii.duckdns.org,7115,Possible NanoKVM Domain (Unverified),65.188.37.248
device-05a0108e-33c5-411e-bc4c-612968c81d00.remotewd.com,8443,Possible PiKVM Domain (Unverified),95.31.214.45
device-3234ddd7-5a1f-4de6-b73a-1da38ab9259d.remotewd.com,445,Possible GLKVM Domain (Unverified),162.191.89.154
device-517ace2f-eb74-48a0-99e8-d540381c275d.remotewd.com,5554,Possible NanoKVM Domain (Unverified),178.27.187.201
device-54dd3771-f51e-479c-9762-3061ae6456bb.remotewd.com,443,Possible TinyPilot KVM Domain (Unverified),76.135.48.232
device-54dd3771-f51e-479c-9762-3061ae6456bb.remotewd.com,8899,Possible TinyPilot KVM Domain (Unverified),76.135.48.232
device-9400b69c-b2ab-4430-9d04-f6861e26ace2.remotewd.com,9000,Possible NanoKVM Domain (Unverified),31.18.219.242
device-c7e11c78-03a6-49d9-b168-a6c6d6130027.remotewd.com,443,Possible NanoKVM Domain (Unverified),82.207.30.195
device-cbc118c4-ffdc-406b-8e9c-abd061e44822.remotewd.com,5280,Possible GLKVM Domain (Unverified),76.67.45.207
device-d6c40d26-ab59-447e-b619-d7565ade8555.remotewd.com,80,Possible NanoKVM Domain (Unverified),213.136.57.5
diasporaforlebanon.com,48888,Possible PiKVM Domain (Unverified),47.180.83.69
diasporaforlebanon.com,4889,Possible PiKVM Domain (Unverified),47.180.83.69
dome.zhypro.cn,51111,Possible GLKVM Domain (Unverified),120.237.162.124
dvg.dyndns.org,10180,Possible NanoKVM Domain (Unverified),212.220.203.67
dvr-sn.watcha.live,11225,Possible NanoKVM Domain (Unverified),138.97.201.116
dwagie.myqnapcloud.com,9443,Possible GLKVM Domain (Unverified),1.34.23.242
dwizz10038.synology.me,8888,Possible GLKVM Domain (Unverified),92.70.185.106
eademidkovk.direct.quickconnect.to,3380,Possible NanoKVM Domain (Unverified),95.154.109.69
elizabethrg.ca,42069,Possible PiKVM Domain (Unverified),70.83.11.30
erdmaennchen-luna.de,6868,Possible GLKVM Domain (Unverified),87.123.39.45
ertug4055.direct.quickconnect.to,5810,Possible PiKVM Domain (Unverified),91.184.173.188
ertug4055.direct.quickconnect.to,5850,Possible PiKVM Domain (Unverified),91.184.173.188
fenixhd.direct.quickconnect.to,1500,Possible NanoKVM Domain (Unverified),79.174.46.24
file.dyatbit.ru,8008,Possible NanoKVM Domain (Unverified),77.37.168.213
file.tartarus6.com,12345,Possible NanoKVM Domain (Unverified),96.234.148.166
files.groundlift.ru,808,Possible NanoKVM Domain (Unverified),31.211.44.227
firewall.trinityturbine.com,62969,Possible PiKVM Domain (Unverified),50.205.90.234
fitness.jmehr.dk,6311,Possible NanoKVM Domain (Unverified),5.103.215.195
fl-haus-bitrix.ru,8081,Possible NanoKVM Domain (Unverified),178.64.26.14
flc.oh.3cx.us,80,Possible NanoKVM Domain (Unverified),96.11.67.2
fn.onpp.cc,2506,Possible PiKVM Domain (Unverified),58.38.54.138
foxcall.com,10443,Possible GLKVM Domain (Unverified),136.62.104.87
foxcall.com,11443,Possible GLKVM Domain (Unverified),136.62.104.87
frankram.ddns.net,9443,Possible PiKVM Domain (Unverified),217.63.205.143
frid.synology.me,4343,Possible NanoKVM Domain (Unverified),37.204.54.154
fs.winter.com.de,5830,Possible PiKVM Domain (Unverified),87.148.49.146
ftp.chiptuning.web.tr,888,Possible PiKVM Domain (Unverified),149.0.252.22
furry.i234.me,33333,Possible GLKVM Domain (Unverified),119.98.153.58
garage.homelab.arakchi.net,58081,Possible NanoKVM Domain (Unverified),37.153.46.134
garyodonovan.com,8000,Possible NanoKVM Domain (Unverified),136.53.184.185
gd.zhypro.cn,51111,Possible GLKVM Domain (Unverified),106.52.180.169
gd.zhypro.cn,51112,Possible GLKVM Domain (Unverified),106.52.180.169
gimnazija.mrservice.me,8080,Possible NanoKVM Domain (Unverified),109.228.76.69
giorgos-synology.direct.quickconnect.to,8080,Possible GLKVM Domain (Unverified),207.38.245.104
git.koterpillar.com,5199,Possible NanoKVM Domain (Unverified),103.252.195.101
gitlab.basschouten.com,27893,Possible PiKVM Domain (Unverified),82.163.41.149
gitlab.dronology.ovh,8084,Possible GLKVM Domain (Unverified),193.218.203.8
gitlab.dronology.ovh,8085,Possible PiKVM Domain (Unverified),193.218.203.8
glkvm.makatun.net,443,Possible GLKVM Domain (Unverified),62.149.9.192
glkvm.makatun.net,80,Possible GLKVM Domain (Unverified),62.149.9.192
glkvm.mtu90.com,443,Possible GLKVM Domain (Unverified),79.98.186.233
gm.topmser.ddnsgeek.com,4445,Possible PiKVM Domain (Unverified),210.6.96.136
gmzozjoylyzicw6q.myfritz.net,80,Possible GLKVM Domain (Unverified),194.183.29.213
gonzalez.diskstation.me,8000,Possible NanoKVM Domain (Unverified),217.31.190.115
goodtaste2.direct.quickconnect.to,4343,Possible NanoKVM Domain (Unverified),114.33.70.204
guac.homeofangel.duckdns.org,7443,Possible NanoKVM Domain (Unverified),58.124.115.239
gw-dc-1-gkbn.netcraze.link,8443,Possible NanoKVM Domain (Unverified),85.143.203.174
h.vadima.net,9443,Possible NanoKVM Domain (Unverified),178.219.86.226
ha.gtdshka.ru,8443,Possible PiKVM Domain (Unverified),77.37.156.169
ha.kellashee.fun,10445,Possible NanoKVM Domain (Unverified),99.152.36.137
hachamb.ckinf.com,4443,Possible GLKVM Domain (Unverified),176.149.234.91
harryandblanche.direct.quickconnect.to,300,Possible NanoKVM Domain (Unverified),136.53.184.185
head.yeliya.site,10443,Possible PiKVM Domain (Unverified),118.195.219.163
helpdesk.qsaf.net,31443,Possible PiKVM Domain (Unverified),24.217.36.113
hertz-eichenrode.direct.quickconnect.to,443,Possible GLKVM Domain (Unverified),31.16.114.99
hh40a68mv96.sn.mynetname.net,8080,Possible NanoKVM Domain (Unverified),37.204.114.193
hkht-server.direct.quickconnect.to,443,Possible PiKVM Domain (Unverified),183.179.253.6
hkht-server.direct.quickconnect.to,80,Possible PiKVM Domain (Unverified),183.179.253.6
homarr.sam.net.ru,8083,Possible NanoKVM Domain (Unverified),46.32.81.28
hs.agafonov.club,8484,Possible NanoKVM Domain (Unverified),89.19.177.198
hsinter.com,5040,Possible GLKVM Domain (Unverified),75.40.52.208
hyperperceptron.asuscomm.com,3512,Possible PiKVM Domain (Unverified),123.192.65.137
hyperperceptron.asuscomm.com,4512,Possible PiKVM Domain (Unverified),123.192.65.137
hytecinter-tokyo.direct.quickconnect.to,3888,Possible NanoKVM Domain (Unverified),118.238.205.14
icpsco.net,443,Possible GLKVM Domain (Unverified),24.229.127.67
icpsco.net,80,Possible GLKVM Domain (Unverified),24.229.127.67
idired.asuscomm.com,12345,Possible NanoKVM Domain (Unverified),79.112.5.133
iex.synology.me,17171,Possible PiKVM Domain (Unverified),185.143.146.25
img.jd-tcc.com,8009,Possible PiKVM Domain (Unverified),47.97.165.76
int-ventanas.carpintek.es,5443,Possible PiKVM Domain (Unverified),90.164.254.165
inzhenergonaladka.direct.quickconnect.to,20443,Possible NanoKVM Domain (Unverified),95.165.157.18
iot.fzfrd.com,53100,Possible PiKVM Domain (Unverified),183.250.202.67
jamb.mooo.com,60443,Possible PiKVM Domain (Unverified),46.149.84.98
janice.creative-services.info,10103,Possible GLKVM Domain (Unverified),31.19.204.59
jcw81.direct.quickconnect.to,10088,Possible NanoKVM Domain (Unverified),128.106.40.182
jellyfin.65-studio.com,8888,Possible NanoKVM Domain (Unverified),188.233.254.37
jinaohome.top,78,Possible PiKVM Domain (Unverified),121.15.191.101
jk9921.synology.me,443,Possible NanoKVM Domain (Unverified),23.241.104.145
jk9921.synology.me,80,Possible NanoKVM Domain (Unverified),23.241.104.145
js.databill.net,5444,Possible PiKVM Domain (Unverified),119.62.220.61
juban3.com,666,Possible NanoKVM Domain (Unverified),207.66.79.54
juban3.com,667,Possible NanoKVM Domain (Unverified),207.66.79.54
juban3.com,668,Possible NanoKVM Domain (Unverified),207.66.79.54
jychan.myqnapcloud.com,3165,Possible NanoKVM Domain (Unverified),98.45.157.84
k-vm-1.osblic.ch,2876,Possible GLKVM Domain (Unverified),84.234.16.53
kafka-ui.devops-labs.ru,9044,Possible NanoKVM Domain (Unverified),45.155.147.137
karernaya.netcraze.pro,8088,Possible NanoKVM Domain (Unverified),62.140.240.43
karlsonserver.direct.quickconnect.to,3815,Possible GLKVM Domain (Unverified),100.1.116.161
kavita.wen-he.icu,65020,Possible NanoKVM Domain (Unverified),120.244.82.194
kclauts873.myqnapcloud.com,62443,Possible PiKVM Domain (Unverified),124.244.236.243
kcs2092.duckdns.org,40005,Possible NanoKVM Domain (Unverified),123.213.37.9
keenetic-alexey.keenetic.link,33333,Possible NanoKVM Domain (Unverified),78.107.238.174
kefir103.denr01.com,8573,Possible NanoKVM Domain (Unverified),217.70.27.151
key.nekrylov.com,2323,Possible NanoKVM Domain (Unverified),176.123.217.148
kkim.top,18443,Possible GLKVM Domain (Unverified),123.235.20.198
knzw.org,8866,Possible GLKVM Domain (Unverified),104.56.117.144
kuma.clinic-msk-ah.ru,84,Possible NanoKVM Domain (Unverified),85.30.215.156
kuma.skobdd.ru,88,Possible NanoKVM Domain (Unverified),194.79.46.126
kvm-oob.parisremotehands.fr,1443,Possible GLKVM Domain (Unverified),82.26.68.211
kvm-oob.parisremotehands.fr,443,Possible GLKVM Domain (Unverified),82.26.68.211
kvm.asi.nyc,443,Possible GLKVM Domain (Unverified),198.199.69.31
kvm.durbatul.uk,443,Possible GLKVM Domain (Unverified),143.47.179.249
kvm.sollysolutions.com,443,Possible GLKVM Domain (Unverified),165.232.62.159
kwbjr.synology.me,10142,Possible GLKVM Domain (Unverified),68.186.201.237
kwloo.homeip.net,65500,Possible TinyPilot KVM Domain (Unverified),116.89.89.12
kyusiks.direct.quickconnect.to,8081,Possible NanoKVM Domain (Unverified),180.67.255.80
lesia.top,20003,Possible PiKVM Domain (Unverified),47.117.22.47
lesj0610.asuscomm.com,7443,Possible PiKVM Domain (Unverified),175.115.64.71
lesj0610.asuscomm.com,9443,Possible PiKVM Domain (Unverified),175.115.64.71
lfire.asuscomm.com,9066,Possible NanoKVM Domain (Unverified),188.226.4.190
lidarr.akeb.ru,60443,Possible NanoKVM Domain (Unverified),95.84.158.6
lldap.aistation.trading,40443,Possible NanoKVM Domain (Unverified),110.235.108.37
localracc.argyll.live,80,Possible GLKVM Domain (Unverified),77.103.109.134
longdog.net305.ru,7777,Possible NanoKVM Domain (Unverified),80.92.211.234
longdog.net305.ru,7778,Possible NanoKVM Domain (Unverified),80.92.211.234
losroques.duckdns.org,443,Possible GLKVM Domain (Unverified),82.65.53.121
losroques.duckdns.org,80,Possible GLKVM Domain (Unverified),82.65.53.121
lovelyqi.space,11823,Possible PiKVM Domain (Unverified),47.110.128.62
lsylsy.synology.me,60010,Possible NanoKVM Domain (Unverified),58.37.31.3
luma920.direct.quickconnect.to,3001,Possible PiKVM Domain (Unverified),1.243.47.249
lynchtek.com,62997,Possible PiKVM Domain (Unverified),73.45.150.207
m.fotopolska.eu,6913,Possible NanoKVM Domain (Unverified),79.110.203.11
mail-archive.kolorama.net,5051,Possible NanoKVM Domain (Unverified),77.45.103.59
mail.bestdirectlandhomes.com,7443,Possible GLKVM Domain (Unverified),81.17.96.138
mail.sdvs.biz,10443,Possible NanoKVM Domain (Unverified),95.31.3.184
mail.veritasconsulting.eu,4434,Possible PiKVM Domain (Unverified),151.249.104.188
manager.starry-plain.cn,10443,Possible PiKVM Domain (Unverified),103.27.79.112
matrix.dnmhub.com,444,Possible PiKVM Domain (Unverified),186.19.17.134
mazcorb.corbeau.nom.fr,17243,Possible NanoKVM Domain (Unverified),82.64.91.13
mckanses.cloud,8888,Possible NanoKVM Domain (Unverified),84.113.106.124
mcnallwa.com,20443,Possible PiKVM Domain (Unverified),172.92.254.98
mcrena-lgk.netcraze.pro,8081,Possible NanoKVM Domain (Unverified),195.128.97.113
media.hocine.me,15000,Possible GLKVM Domain (Unverified),82.65.26.34
menusout.com,443,Possible TinyPilot KVM Domain (Unverified),209.182.192.122
menusout.com,80,Possible TinyPilot KVM Domain (Unverified),209.182.192.122
messenger.agata.rip,7755,Possible NanoKVM Domain (Unverified),5.20.29.106
mm.itili4.ru,57878,Possible NanoKVM Domain (Unverified),95.215.148.190
moxdemo.ckinf.com,5443,Possible GLKVM Domain (Unverified),176.149.234.91
ms.ywmeis.com,8443,Possible PiKVM Domain (Unverified),122.226.124.94
mycloudsolution01.direct.quickconnect.to,443,Possible GLKVM Domain (Unverified),82.37.80.52
nanokvmshop.tuna.yakovlev-nl-01.abrdns.com,18086,Possible NanoKVM Domain (Unverified),185.239.51.213
nanokvmshop.tuna.yakovlev-nl-01.abrdns.com,18087,Possible NanoKVM Domain (Unverified),185.239.51.213
nas-argentine-huberlant.direct.quickconnect.to,8001,Possible GLKVM Domain (Unverified),179.0.182.15
nas.tooni.kr,8055,Possible NanoKVM Domain (Unverified),1.252.129.83
naturalnrg.myqnapcloud.com,8888,Possible PiKVM Domain (Unverified),92.84.40.96
netcrazelaine.netcraze.pro,8223,Possible GLKVM Domain (Unverified),94.19.185.32
news.arbrit.duckdns.org,20000,Possible PiKVM Domain (Unverified),70.112.90.12
next.smartshape.io,4443,Possible PiKVM Domain (Unverified),130.180.220.15
nextcloudipv4.familie-vetter.info,59677,Possible PiKVM Domain (Unverified),185.248.148.15
nocturnalnick.com,51337,Possible NanoKVM Domain (Unverified),125.238.204.185
node1.santasrv.com,9999,Possible NanoKVM Domain (Unverified),183.103.220.104
nohany.duckdns.org,42443,Possible PiKVM Domain (Unverified),174.113.199.220
nono-bure.myfritz.link,143,Possible NanoKVM Domain (Unverified),178.38.229.69
note.cainet.info,8822,Possible NanoKVM Domain (Unverified),195.46.165.163
ns1.nanokvm.net,443,Possible NanoKVM Domain (Unverified),45.133.118.27
nsrkeenetic.keenetic.link,8085,Possible PiKVM Domain (Unverified),46.39.239.117
obluchatel.netcraze.club,9443,Possible PiKVM Domain (Unverified),176.99.166.251
ocaldk.direct.quickconnect.to,8443,Possible GLKVM Domain (Unverified),91.226.145.67
oifdgok.crazedns.ru,80,Possible NanoKVM Domain (Unverified),185.160.137.198
ojmot.dyndns.tv,4430,Possible GLKVM Domain (Unverified),73.59.23.135
omvoid.direct.quickconnect.to,53467,Possible GLKVM Domain (Unverified),95.31.158.66
openclaw.tianshaji.top,60140,Possible PiKVM Domain (Unverified),180.108.136.187
openwebui.reskinol.com.ua,8008,Possible NanoKVM Domain (Unverified),178.151.225.227
openwebui.reskinol.com.ua,8089,Possible NanoKVM Domain (Unverified),178.151.225.227
orazkarabayev.direct.quickconnect.to,44001,Possible GLKVM Domain (Unverified),107.221.55.208
outlaw.direct.quickconnect.to,999,Possible GLKVM Domain (Unverified),31.208.183.71
outlawviking.synology.me,42069,Possible PiKVM Domain (Unverified),24.159.249.210
pacificgreen420.com,8000,Possible NanoKVM Domain (Unverified),199.247.7.53
pang.ifhtp.com,1380,Possible NanoKVM Domain (Unverified),24.141.29.13
papap.myasustor.com,4431,Possible GLKVM Domain (Unverified),70.181.70.35
pavelrosario-zgchqqrgjp.dynamic-m.com,8443,Possible NanoKVM Domain (Unverified),108.35.97.148
pbx.clinic-msk-ah.ru,83,Possible NanoKVM Domain (Unverified),85.30.215.156
pcj8110.direct.quickconnect.to,8425,Possible NanoKVM Domain (Unverified),112.168.75.177
pcj8110.direct.quickconnect.to,8765,Possible NanoKVM Domain (Unverified),112.168.75.177
pcj8110.direct.quickconnect.to,9048,Possible NanoKVM Domain (Unverified),112.168.75.177
pcj8110.synology.me,8683,Possible NanoKVM Domain (Unverified),112.168.75.177
pcj8110.synology.me,9046,Possible NanoKVM Domain (Unverified),112.168.75.177
pearelab.duckdns.org,50245,Possible PiKVM Domain (Unverified),62.182.225.233
pelican-wings.local.zmcna.net,10433,Possible PiKVM Domain (Unverified),23.121.95.13
photo.phongit.duckdns.org,9443,Possible PiKVM Domain (Unverified),171.247.69.27
pikvm.cogo.ovh,8443,Possible PiKVM Domain (Unverified),82.65.3.131
pikvm.leem.dk,63000,Possible PiKVM Domain (Unverified),91.226.144.173
pkkhome.direct.quickconnect.to,1234,Possible GLKVM Domain (Unverified),210.6.200.250
playliza.ru,10001,Possible NanoKVM Domain (Unverified),109.194.141.174
playliza.ru,10058,Possible NanoKVM Domain (Unverified),109.194.141.174
plex.sam.net.ru,8084,Possible NanoKVM Domain (Unverified),46.32.81.28
pm.axlmotors.com,53535,Possible PiKVM Domain (Unverified),172.234.247.51
portainer.sateli.eu,8081,Possible NanoKVM Domain (Unverified),88.23.74.252
portainer.soveren-service.ru,4443,Possible NanoKVM Domain (Unverified),78.29.17.54
prinonchik.ru,12345,Possible NanoKVM Domain (Unverified),94.102.123.208
profibiz.synology.me,10443,Possible TinyPilot KVM Domain (Unverified),184.145.144.36
profibiz.synology.me,20443,Possible TinyPilot KVM Domain (Unverified),184.145.144.36
projects.gitlab-wiki.youngapps.net,10443,Possible NanoKVM Domain (Unverified),107.11.148.122
proxy.prizmed.ru,17213,Possible NanoKVM Domain (Unverified),93.179.84.229
pve.369.wiki,8444,Possible GLKVM Domain (Unverified),119.179.12.49
px.squirrelpiles.com,4747,Possible GLKVM Domain (Unverified),73.71.126.150
pxks.ziir.top,17172,Possible PiKVM Domain (Unverified),162.14.78.172
qbittorrent.klinker-cabin.computer,8081,Possible PiKVM Domain (Unverified),38.75.214.203
qbszufws1832.direct.quickconnect.to,64976,Possible NanoKVM Domain (Unverified),106.73.126.225
r1-cam-guangzhou-dev.glkvm.cn,443,Possible GLKVM Domain (Unverified),14.215.162.195
r1-guangzhou-dev.glkvm.cn,10443,Possible GLKVM Domain (Unverified),14.215.162.114
r1-lax-pre.glkvm.xyz,443,Possible GLKVM Domain (Unverified),216.106.181.141
r10.glkvm.com,443,Possible GLKVM Domain (Unverified),169.197.143.190
r11.glkvm.top,443,Possible GLKVM Domain (Unverified),67.220.94.113
r12.glkvm.top,443,Possible GLKVM Domain (Unverified),15.235.162.252
r13.glkvm.top,443,Possible GLKVM Domain (Unverified),164.52.6.38
r25-guangzhou-test.glkvm.cn,443,Possible GLKVM Domain (Unverified),14.215.162.120
r3.glkvm.cn,443,Possible GLKVM Domain (Unverified),203.2.119.124
r3.glkvm.com,443,Possible GLKVM Domain (Unverified),172.99.188.182
r4.glkvm.cn,443,Possible GLKVM Domain (Unverified),14.22.113.179
r4.glkvm.top,443,Possible GLKVM Domain (Unverified),67.220.73.86
r5.glkvm.cn,443,Possible GLKVM Domain (Unverified),110.188.24.21
r5.glkvm.top,443,Possible GLKVM Domain (Unverified),23.150.248.245
r6.glkvm.com,443,Possible GLKVM Domain (Unverified),193.108.119.147
r7.glkvm.com,443,Possible GLKVM Domain (Unverified),38.114.120.171
r8.glkvm.com,443,Possible GLKVM Domain (Unverified),38.75.137.91
rack1kvm.com,443,Possible GLKVM Domain (Unverified),162.35.160.124
rack1kvm.com,80,Possible GLKVM Domain (Unverified),162.35.160.124
rds.picasso-lab.ru,62280,Possible NanoKVM Domain (Unverified),93.91.14.200
rebel-ms.dscloud.me,1233,Possible NanoKVM Domain (Unverified),178.124.154.112
rebel-ms.dscloud.me,1244,Possible NanoKVM Domain (Unverified),178.124.154.112
references.keswickcare.com,9998,Possible GLKVM Domain (Unverified),213.105.81.211
remote.euroident.de,4433,Possible GLKVM Domain (Unverified),87.140.5.121
remote100.bezrabotnyi.com,21100,Possible NanoKVM Domain (Unverified),95.165.165.65
renebucherag.3cx.ch,7020,Possible PiKVM Domain (Unverified),81.63.137.17
reserv.vash-guru.ru,9990,Possible NanoKVM Domain (Unverified),185.13.46.2
reserv.vash-guru.ru,9992,Possible NanoKVM Domain (Unverified),185.13.46.2
reserv.vash-guru.ru,9993,Possible NanoKVM Domain (Unverified),185.13.46.2
reserv.vash-guru.ru,9994,Possible NanoKVM Domain (Unverified),185.13.46.2
ricany916.direct.quickconnect.to,1443,Possible GLKVM Domain (Unverified),5.181.95.180
rustfs3.re-star.ru,8090,Possible NanoKVM Domain (Unverified),217.13.218.239
ryantam.direct.quickconnect.to,3185,Possible NanoKVM Domain (Unverified),98.45.157.84
ryantam.myqnapcloud.com,3175,Possible NanoKVM Domain (Unverified),98.45.157.84
s10.ipnodns.ru,11180,Possible NanoKVM Domain (Unverified),185.216.192.89
samir715.direct.quickconnect.to,7909,Possible PiKVM Domain (Unverified),102.214.253.6
samson168.top,1880,Possible NanoKVM Domain (Unverified),125.59.150.58
samurai.cartelblanche.name,8810,Possible NanoKVM Domain (Unverified),178.140.2.194
sandernf.xyz,82,Possible NanoKVM Domain (Unverified),51.175.234.24
sbdsala.nettrans.sk,65511,Possible NanoKVM Domain (Unverified),213.81.201.84
schuballaa.de,8080,Possible NanoKVM Domain (Unverified),217.95.59.58
scriptclaim.com,9443,Possible GLKVM Domain (Unverified),70.61.123.210
sentry.gamingecke.space,8087,Possible NanoKVM Domain (Unverified),87.177.114.243
server-73.direct.quickconnect.to,3003,Possible GLKVM Domain (Unverified),91.176.252.139
server.christopherradam.de,6245,Possible PiKVM Domain (Unverified),91.66.30.244
server55.erudit23.ru,8049,Possible NanoKVM Domain (Unverified),193.242.148.251
server55.erudit23.ru,8050,Possible NanoKVM Domain (Unverified),193.242.148.251
server55.erudit23.ru,8055,Possible NanoKVM Domain (Unverified),193.242.148.251
servidor-balcones.duckdns.org,80,Possible PiKVM Domain (Unverified),189.162.77.167
sexynos.duckdns.org,1800,Possible NanoKVM Domain (Unverified),93.100.129.150
sgqq.tvapk.top,8157,Possible PiKVM Domain (Unverified),43.156.249.157
sguiwm.trip51.cn,10001,Possible PiKVM Domain (Unverified),120.53.100.14
shanewazhere.synology.me,8443,Possible PiKVM Domain (Unverified),75.169.252.160
skala-ai.ru,8090,Possible NanoKVM Domain (Unverified),91.77.168.128
slapps.fr,44300,Possible GLKVM Domain (Unverified),176.186.89.89
sm1c.yaykiso.su,443,Possible TinyPilot KVM Domain (Unverified),91.244.197.48
sm1c.yaykiso.su,80,Possible TinyPilot KVM Domain (Unverified),91.244.197.48
smaali.freeboxos.fr,33333,Possible PiKVM Domain (Unverified),91.172.231.201
smallensky.direct.quickconnect.to,64133,Possible NanoKVM Domain (Unverified),178.205.135.127
smart-prog.pl,8443,Possible GLKVM Domain (Unverified),212.180.189.27
sochseno.asuscomm.com,1444,Possible GLKVM Domain (Unverified),5.181.95.180
speedtest.zhypro.cn,51111,Possible GLKVM Domain (Unverified),117.133.114.28
spoon78.freeboxos.fr,445,Possible GLKVM Domain (Unverified),82.65.110.61
srvb.ddns.net,80,Possible NanoKVM Domain (Unverified),82.65.130.242
ssh.vfontaine.ca,420,Possible PiKVM Domain (Unverified),99.199.113.211
sslvpn.the-nova.com,4433,Possible TinyPilot KVM Domain (Unverified),210.3.78.2
sstp.it-service18.ru,112,Possible NanoKVM Domain (Unverified),78.85.32.59
sterfry1988.direct.quickconnect.to,8001,Possible GLKVM Domain (Unverified),104.15.131.52
striker-homlab.netcraze.pro,1337,Possible PiKVM Domain (Unverified),80.245.122.84
superbaldios.direct.quickconnect.to,40443,Possible GLKVM Domain (Unverified),195.231.108.173
sver.xyz,60005,Possible NanoKVM Domain (Unverified),211.37.58.196
symonty-ap.direct.quickconnect.to,8288,Possible NanoKVM Domain (Unverified),97.113.43.117
sync-home.65-studio.com,8889,Possible NanoKVM Domain (Unverified),188.233.254.37
synoinstall-5zcn2ovk9dur0a31.direct.quickconnect.to,44004,Possible GLKVM Domain (Unverified),107.221.55.208
synoinstall-5zcn2ovk9dur0a31.direct.quickconnect.to,44021,Possible GLKVM Domain (Unverified),107.221.55.208
tail.pc4.comfyui.anzerio.ddns.net,9999,Possible PiKVM Domain (Unverified),59.149.133.252
telegram.goan.su,16533,Possible NanoKVM Domain (Unverified),95.161.90.242
tfx.myqnapcloud.com,12222,Possible GLKVM Domain (Unverified),176.99.132.189
thefox.direct.quickconnect.to,8745,Possible GLKVM Domain (Unverified),130.255.9.82
things.cptarn.com,25000,Possible GLKVM Domain (Unverified),213.119.77.96
tog-syn-ds716ii.direct.quickconnect.to,8008,Possible NanoKVM Domain (Unverified),149.86.76.66
torrent.galind.io,8443,Possible PiKVM Domain (Unverified),68.127.187.32
torrent.soosin.com,3333,Possible NanoKVM Domain (Unverified),221.154.199.48
truenas.patben8.net,911,Possible NanoKVM Domain (Unverified),83.83.58.28
tsq7luf4ii7q4bl6.myfritz.net,80,Possible PiKVM Domain (Unverified),92.74.148.213
ttone.top,91,Possible PiKVM Domain (Unverified),8.138.105.209
tutv.sytes.net,5010,Possible NanoKVM Domain (Unverified),191.114.111.48
unraid.cossidcabin.duckdns.org,5020,Possible NanoKVM Domain (Unverified),209.23.71.120
update.one-kvm.cn,10090,Possible PiKVM Domain (Unverified),114.132.219.100
update.one-kvm.cn,10176,Possible PiKVM Domain (Unverified),114.132.219.100
update.one-kvm.cn,10418,Possible PiKVM Domain (Unverified),114.132.219.100
update.one-kvm.cn,10435,Possible PiKVM Domain (Unverified),114.132.219.100
update.one-kvm.cn,10447,Possible PiKVM Domain (Unverified),114.132.219.100
update.one-kvm.cn,10644,Possible PiKVM Domain (Unverified),114.132.219.100
update.one-kvm.cn,10674,Possible PiKVM Domain (Unverified),114.132.219.100
update.one-kvm.cn,10732,Possible PiKVM Domain (Unverified),114.132.219.100
update.one-kvm.cn,11030,Possible PiKVM Domain (Unverified),114.132.219.100
update.one-kvm.cn,11080,Possible PiKVM Domain (Unverified),114.132.219.100
update.one-kvm.cn,11136,Possible PiKVM Domain (Unverified),114.132.219.100
update.one-kvm.cn,11165,Possible PiKVM Domain (Unverified),114.132.219.100
update.one-kvm.cn,11501,Possible PiKVM Domain (Unverified),114.132.219.100
update.one-kvm.cn,11738,Possible PiKVM Domain (Unverified),114.132.219.100
update.one-kvm.cn,12602,Possible PiKVM Domain (Unverified),114.132.219.100
update.one-kvm.cn,12786,Possible PiKVM Domain (Unverified),114.132.219.100
update.one-kvm.cn,13810,Possible PiKVM Domain (Unverified),114.132.219.100
update.one-kvm.cn,15600,Possible PiKVM Domain (Unverified),114.132.219.100
update.one-kvm.cn,18000,Possible PiKVM Domain (Unverified),114.132.219.100
us.ai-moe.com,443,Possible GLKVM Domain (Unverified),154.21.87.116
us.ai-moe.com,80,Possible GLKVM Domain (Unverified),154.21.87.116
vault.kromskii.ru,800,Possible NanoKVM Domain (Unverified),5.128.67.170
vazor.asuscomm.com,8009,Possible NanoKVM Domain (Unverified),134.249.77.40
vernid.net,131,Possible NanoKVM Domain (Unverified),71.61.163.95
vf.vgfml.com,2125,Possible PiKVM Domain (Unverified),66.31.141.13
vpn.arbrit.duckdns.org,10000,Possible PiKVM Domain (Unverified),70.112.90.12
vpn1.cd-ron.org,56324,Possible PiKVM Domain (Unverified),213.10.100.187
vpnuk.sentfrom.com,80,Possible GLKVM Domain (Unverified),95.179.237.179
vpnuk.tellann.com,443,Possible GLKVM Domain (Unverified),95.179.237.179
vrcenter1.direct.quickconnect.to,42443,Possible GLKVM Domain (Unverified),93.182.52.95
wb10.ru,9090,Possible NanoKVM Domain (Unverified),188.32.193.72
webmin.main.uberudder.net,248,Possible PiKVM Domain (Unverified),204.111.53.236
whatsapp.facildental.com.br,1212,Possible NanoKVM Domain (Unverified),189.90.37.72
wielgosz.pro,42424,Possible PiKVM Domain (Unverified),31.130.103.134
wiki.build-sandbox.ru,88,Possible NanoKVM Domain (Unverified),62.192.240.24
win.mak.jp,62212,Possible GLKVM Domain (Unverified),106.72.35.161
win.mak.jp,62214,Possible GLKVM Domain (Unverified),106.72.35.161
windows.matyspc.pl,8888,Possible GLKVM Domain (Unverified),109.173.160.252
wings01.game-v2.de,1443,Possible GLKVM Domain (Unverified),87.106.162.176
woyaofacai888.i234.me,65443,Possible PiKVM Domain (Unverified),118.250.183.13
www.ci4i15e.r2.glkvm.com,443,Possible GLKVM Domain (Unverified),34.194.92.217
www.innotron.nl,443,Possible NanoKVM Domain (Unverified),82.170.243.66
www.pasarjajanan.com,6661,Possible TinyPilot KVM Domain (Unverified),104.173.108.165
www.r1.glkvm.com,443,Possible GLKVM Domain (Unverified),54.165.89.19
www.r2.glkvm.com,443,Possible GLKVM Domain (Unverified),34.194.92.217
www.sajmon0011.cz,11000,Possible NanoKVM Domain (Unverified),94.242.99.30
www.skyinternational.cn,6001,Possible GLKVM Domain (Unverified),123.180.179.218
www.skyinternational.cn,6002,Possible GLKVM Domain (Unverified),123.180.179.218
www.techiem2.us,443,Possible GLKVM Domain (Unverified),23.239.15.202
www.urbansw.cz,7000,Possible PiKVM Domain (Unverified),213.168.181.195
www.urbansw.cz,7001,Possible PiKVM Domain (Unverified),213.168.181.195
www.wtl.com.tw,3010,Possible NanoKVM Domain (Unverified),122.116.206.18
xn--e1akq.shop,35100,Possible NanoKVM Domain (Unverified),194.110.8.7
xs4frank.ddns.net,9443,Possible PiKVM Domain (Unverified),86.88.182.6
yoshimoto.cloud,4430,Possible PiKVM Domain (Unverified),219.118.235.43
youan.synology.me,8081,Possible NanoKVM Domain (Unverified),110.10.15.38
youtrack.sa.design,8848,Possible NanoKVM Domain (Unverified),46.44.2.176
yuchen12.synology.me,12345,Possible NanoKVM Domain (Unverified),119.167.17.32
zb2277.com,8999,Possible PiKVM Domain (Unverified),60.184.178.83
zeon.kotel-volna.ru,4321,Possible NanoKVM Domain (Unverified),195.239.175.143
zjctjj.dpdns.org,9099,Possible PiKVM Domain (Unverified),125.75.119.14
zodiac3539.direct.quickconnect.to,60606,Possible NanoKVM Domain (Unverified),67.254.191.143
zsyq.hxlab.tech,6666,Possible PiKVM Domain (Unverified),218.23.112.68
zsyq.hxlab.tech,886,Possible PiKVM Domain (Unverified),218.23.112.68
