#domain,ioc,ip
096807104.box.freepro.com,Possible PiKVM Domain (Unverified),82.96.166.128
11223344.online,Possible NanoKVM Domain (Unverified),78.29.12.0
123825663.box.freepro.com,Possible PiKVM Domain (Unverified),149.232.200.68
13391285575.top,Possible PiKVM Domain (Unverified),116.235.254.15
2008.ink,Possible PiKVM Domain (Unverified),113.66.160.197
235128847.box.freepro.com,Possible PiKVM Domain (Unverified),212.114.31.56
345156389.xyz,Possible PiKVM Domain (Unverified),123.118.141.108
357.i234.me,Possible GLKVM Domain (Unverified),36.97.175.85
3qp4hi06gfm6ezd3.myfritz.net,Possible GLKVM Domain (Unverified),31.19.204.59
511314520.vip,Possible PiKVM Domain (Unverified),175.44.20.12
913754280.box.freepro.com,Possible PiKVM Domain (Unverified),130.180.221.66
aaronvoxel.direct.quickconnect.to,Possible PiKVM Domain (Unverified),98.123.166.42
adminpetrodgiga.netcraze.pro,Possible NanoKVM Domain (Unverified),178.252.115.39
adnanahmad.net,Possible GLKVM Domain (Unverified),107.132.134.154
adnanahmad.net,Possible PiKVM Domain (Unverified),107.132.134.154
adobexp.com,Possible TinyPilot KVM Domain (Unverified),45.132.142.135
aea-goodnightranch.podzone.net,Possible GLKVM Domain (Unverified),76.186.135.65
ai.sdvs.biz,Possible NanoKVM Domain (Unverified),95.31.3.184
aino1.top,Possible NanoKVM Domain (Unverified),221.214.170.242
alepim.synology.me,Possible NanoKVM Domain (Unverified),77.239.252.131
alist.fkapi.top,Possible NanoKVM Domain (Unverified),58.152.22.27
almond34.direct.quickconnect.to,Possible NanoKVM Domain (Unverified),211.117.156.120
ap-2.home.floheberg.xyz,Possible NanoKVM Domain (Unverified),82.64.37.152
api.bloomimg.com,Possible PiKVM Domain (Unverified),213.194.132.128
arabcarsale.com,Possible TinyPilot KVM Domain (Unverified),209.182.192.122
arie-home.direct.quickconnect.to,Possible TinyPilot KVM Domain (Unverified),69.246.35.203
arpage.pro,Possible NanoKVM Domain (Unverified),67.248.13.154
artaban96.direct.quickconnect.to,Possible NanoKVM Domain (Unverified),58.230.65.57
artaban96.direct.quickconnect.to,Possible PiKVM Domain (Unverified),58.230.65.57
artxaos.213.141.128.31.nip.io,Possible NanoKVM Domain (Unverified),213.141.128.31
asd234fsdffg.asuscomm.com,Possible PiKVM Domain (Unverified),159.196.243.28
asterisk.barab.uk,Possible NanoKVM Domain (Unverified),90.188.237.178
asusin.ru,Possible PiKVM Domain (Unverified),217.25.229.181
audio.agafonov.club,Possible NanoKVM Domain (Unverified),89.19.177.198
aussieloanoffice.com,Possible TinyPilot KVM Domain (Unverified),173.231.206.16
auth.cokll.cn,Possible PiKVM Domain (Unverified),101.204.204.123
autoconfig.campaignking.ai,Possible TinyPilot KVM Domain (Unverified),45.132.142.135
awinner.crazedns.ru,Possible NanoKVM Domain (Unverified),77.37.178.157
becomen.synology.me,Possible PiKVM Domain (Unverified),94.224.57.106
benzhang.synology.me,Possible NanoKVM Domain (Unverified),116.237.26.179
best-games.info,Possible GLKVM Domain (Unverified),46.227.243.36
bootnas.direct.quickconnect.to,Possible GLKVM Domain (Unverified),161.97.194.8
box.karteum.ovh,Possible NanoKVM Domain (Unverified),82.67.50.83
brandond.nl,Possible NanoKVM Domain (Unverified),87.209.221.178
brasov-ha.duckdns.org,Possible PiKVM Domain (Unverified),188.24.177.224
broker.nm.103-198-18-25.nip.io,Possible GLKVM Domain (Unverified),103.198.18.25
bst.bitdns.de,Possible NanoKVM Domain (Unverified),91.39.81.1
budget.vgfml.com,Possible PiKVM Domain (Unverified),66.31.141.13
burbolader.group,Possible NanoKVM Domain (Unverified),178.198.3.72
bw.samulab.org,Possible GLKVM Domain (Unverified),91.66.7.137
c2f0243a071aac7cef406e4a.keenetic.name,Possible NanoKVM Domain (Unverified),217.25.220.208
c98c0ced78c1976a9aedbbf6.keenetic.name,Possible PiKVM Domain (Unverified),78.30.132.13
cainet.netcraze.pro,Possible NanoKVM Domain (Unverified),195.46.165.163
caydenm.com,Possible PiKVM Domain (Unverified),103.85.39.205
certd.dongdongkc.top,Possible PiKVM Domain (Unverified),119.186.197.24
chebtrade.netcraze.link,Possible NanoKVM Domain (Unverified),109.195.250.137
christiancandelaria.com,Possible GLKVM Domain (Unverified),84.196.133.9
civtart1.ddns.net,Possible NanoKVM Domain (Unverified),87.97.60.11
ckt1984router.direct.quickconnect.to,Possible PiKVM Domain (Unverified),58.176.74.214
cloud.sebastienpont.fr,Possible PiKVM Domain (Unverified),92.167.89.247
coder.mckanses.cloud,Possible NanoKVM Domain (Unverified),84.113.106.124
consentui.mindpath.tech,Possible PiKVM Domain (Unverified),81.135.180.81
cravas.duckdns.org,Possible PiKVM Domain (Unverified),94.62.130.172
cult24.ru,Possible NanoKVM Domain (Unverified),185.239.51.213
cyuno8myra8jz7ke.myfritz.net,Possible PiKVM Domain (Unverified),78.43.158.217
dashboard.65-studio.com,Possible NanoKVM Domain (Unverified),188.233.254.37
dashboard.wallmark.no,Possible PiKVM Domain (Unverified),83.108.204.145
deadatdawn.crazedns.ru,Possible GLKVM Domain (Unverified),194.28.29.99
deb-mtx.xevel.ru,Possible NanoKVM Domain (Unverified),85.234.24.182
dec1.synology.me,Possible GLKVM Domain (Unverified),70.51.211.121
deepblueii.duckdns.org,Possible NanoKVM Domain (Unverified),65.188.37.248
derp.taigelinganxian.asia,Possible PiKVM Domain (Unverified),8.210.124.104
devhome.crazedns.ru,Possible GLKVM Domain (Unverified),93.182.52.95
device-059d3148-bc64-425a-917a-2710c80412d7.remotewd.com,Possible NanoKVM Domain (Unverified),82.207.30.195
device-05a0108e-33c5-411e-bc4c-612968c81d00.remotewd.com,Possible PiKVM Domain (Unverified),95.31.214.45
device-3234ddd7-5a1f-4de6-b73a-1da38ab9259d.remotewd.com,Possible GLKVM Domain (Unverified),162.191.89.154
device-517ace2f-eb74-48a0-99e8-d540381c275d.remotewd.com,Possible NanoKVM Domain (Unverified),178.27.187.201
device-54dd3771-f51e-479c-9762-3061ae6456bb.remotewd.com,Possible TinyPilot KVM Domain (Unverified),76.135.48.232
device-9400b69c-b2ab-4430-9d04-f6861e26ace2.remotewd.com,Possible NanoKVM Domain (Unverified),31.18.219.242
diasporaforlebanon.com,Possible PiKVM Domain (Unverified),47.180.83.69
diskstation-radam.synology.me,Possible PiKVM Domain (Unverified),91.66.30.244
dms.mrservice.me,Possible NanoKVM Domain (Unverified),109.228.76.69
dome.zhypro.cn,Possible GLKVM Domain (Unverified),120.237.162.124
dotupstudio.com,Possible PiKVM Domain (Unverified),183.179.253.6
draw.grandsever.ru,Possible NanoKVM Domain (Unverified),81.9.21.202
drivtek2024.direct.quickconnect.to,Possible NanoKVM Domain (Unverified),213.136.57.5
ds.home.meowtopia.space,Possible NanoKVM Domain (Unverified),223.167.38.126
du4.us,Possible NanoKVM Domain (Unverified),82.65.98.164
dune.royalm.dk,Possible PiKVM Domain (Unverified),65.108.227.254
dune.royalm.dk,Possible PiKVM Domain (Unverified),87.56.59.225
dwagie.myqnapcloud.com,Possible GLKVM Domain (Unverified),1.34.23.242
dwisidagama.direct.quickconnect.to,Possible GLKVM Domain (Unverified),92.70.185.106
eademidkovk.direct.quickconnect.to,Possible NanoKVM Domain (Unverified),95.154.109.69
ekaterina-nikityuk.ru,Possible NanoKVM Domain (Unverified),77.239.233.165
elizabethrg.ca,Possible PiKVM Domain (Unverified),70.83.11.30
emcnair.direct.quickconnect.to,Possible GLKVM Domain (Unverified),24.10.8.216
ertug4055.direct.quickconnect.to,Possible PiKVM Domain (Unverified),91.184.173.188
fenixhd.direct.quickconnect.to,Possible NanoKVM Domain (Unverified),79.174.46.24
files.groundlift.ru,Possible NanoKVM Domain (Unverified),31.211.44.227
firewall.trinityturbine.com,Possible PiKVM Domain (Unverified),50.205.90.234
fl-haus-bitrix.ru,Possible NanoKVM Domain (Unverified),178.64.26.14
flc.oh.3cx.us,Possible NanoKVM Domain (Unverified),96.11.67.2
fn.onpp.cc,Possible PiKVM Domain (Unverified),58.38.54.138
fongame.tplinkdns.com,Possible NanoKVM Domain (Unverified),95.220.215.218
foxcall.com,Possible GLKVM Domain (Unverified),136.62.104.87
frankram.ddns.net,Possible PiKVM Domain (Unverified),217.63.205.143
fserv.direct.quickconnect.to,Possible NanoKVM Domain (Unverified),37.204.54.154
ftp.nortek.info,Possible GLKVM Domain (Unverified),206.109.207.11
funkwhale.brnklmr.com,Possible NanoKVM Domain (Unverified),77.37.180.210
furry.i234.me,Possible GLKVM Domain (Unverified),119.98.153.58
gd.zhypro.cn,Possible GLKVM Domain (Unverified),106.52.180.169
giorgos-synology.direct.quickconnect.to,Possible GLKVM Domain (Unverified),207.38.245.104
git.hocine.me,Possible GLKVM Domain (Unverified),82.65.26.34
git.koterpillar.com,Possible NanoKVM Domain (Unverified),103.252.195.101
gkvm.reskinol.com.ua,Possible NanoKVM Domain (Unverified),178.151.225.227
glkvm.makatun.net,Possible GLKVM Domain (Unverified),62.149.9.192
glkvm.mtu90.com,Possible GLKVM Domain (Unverified),79.98.186.233
glkvmkhor.ru,Possible GLKVM Domain (Unverified),213.141.128.164
gmzozjoylyzicw6q.myfritz.net,Possible GLKVM Domain (Unverified),194.183.29.213
gonzalez.diskstation.me,Possible NanoKVM Domain (Unverified),217.31.190.115
goodtaste2.direct.quickconnect.to,Possible NanoKVM Domain (Unverified),114.33.70.204
grafana.aistation.trading,Possible NanoKVM Domain (Unverified),110.235.108.37
guac.homeofangel.duckdns.org,Possible NanoKVM Domain (Unverified),58.124.115.239
guacamole.kolorama.net,Possible NanoKVM Domain (Unverified),77.45.103.59
gw-dc-1-gkbn.netcraze.link,Possible NanoKVM Domain (Unverified),85.143.203.174
h.vadima.net,Possible NanoKVM Domain (Unverified),178.219.86.226
ha.kellashee.fun,Possible NanoKVM Domain (Unverified),99.152.36.137
hachamb.ckinf.com,Possible GLKVM Domain (Unverified),176.149.234.91
hanwusk.com,Possible PiKVM Domain (Unverified),120.27.15.209
harryandblanche.direct.quickconnect.to,Possible NanoKVM Domain (Unverified),136.53.184.185
head.yeliya.site,Possible PiKVM Domain (Unverified),118.195.219.163
headroom.bezrabotnyi.com,Possible NanoKVM Domain (Unverified),95.165.165.65
hertz-eichenrode.direct.quickconnect.to,Possible GLKVM Domain (Unverified),31.16.114.99
hh40a68mv96.sn.mynetname.net,Possible NanoKVM Domain (Unverified),37.204.114.193
hlabbe.synology.me,Possible GLKVM Domain (Unverified),76.102.11.72
home-jamb.duckdns.org,Possible PiKVM Domain (Unverified),46.149.84.98
home.dronology.pl,Possible GLKVM Domain (Unverified),193.218.203.8
home.dronology.pl,Possible PiKVM Domain (Unverified),193.218.203.8
home.dyatbit.ru,Possible NanoKVM Domain (Unverified),77.37.168.213
hsgprofessional.com,Possible GLKVM Domain (Unverified),75.40.52.208
hyperperceptron.synology.me,Possible PiKVM Domain (Unverified),123.192.65.137
hytale.gamingecke.space,Possible NanoKVM Domain (Unverified),87.177.114.243
hytecinter-tokyo.direct.quickconnect.to,Possible NanoKVM Domain (Unverified),118.238.205.14
iceplanet.net,Possible GLKVM Domain (Unverified),216.177.187.113
icpsco.net,Possible GLKVM Domain (Unverified),24.229.127.67
id.qsaf.net,Possible PiKVM Domain (Unverified),24.217.36.113
iexcept.direct.quickconnect.to,Possible PiKVM Domain (Unverified),185.143.146.25
ifhtp.com,Possible NanoKVM Domain (Unverified),24.141.29.13
img.jd-tcc.com,Possible PiKVM Domain (Unverified),47.97.165.76
immich.gh4l.org,Possible PiKVM Domain (Unverified),24.101.18.231
inzhenergonaladka.direct.quickconnect.to,Possible NanoKVM Domain (Unverified),95.165.157.18
iot.fzfrd.com,Possible PiKVM Domain (Unverified),183.250.202.67
jbruler.keenetic.link,Possible PiKVM Domain (Unverified),77.37.156.169
jcw81.direct.quickconnect.to,Possible NanoKVM Domain (Unverified),128.106.40.182
jellyfin.srvb.ovh,Possible NanoKVM Domain (Unverified),82.65.130.242
jellystat.sam.net.ru,Possible NanoKVM Domain (Unverified),46.32.81.28
jinaohome.top,Possible PiKVM Domain (Unverified),121.15.191.101
jira.devops-labs.ru,Possible NanoKVM Domain (Unverified),45.155.147.137
jk9921.synology.me,Possible NanoKVM Domain (Unverified),23.241.104.145
juban3.com,Possible NanoKVM Domain (Unverified),207.66.79.54
jychan.myqnapcloud.com,Possible NanoKVM Domain (Unverified),98.45.157.84
k-vm-1.osblic.ch,Possible GLKVM Domain (Unverified),84.234.16.53
k.kkcc-5.com,Possible NanoKVM Domain (Unverified),46.188.44.62
kalina4ill.netcraze.pro,Possible NanoKVM Domain (Unverified),194.79.46.126
karernaya.netcraze.pro,Possible NanoKVM Domain (Unverified),62.140.240.43
karimov1981.crazedns.ru,Possible NanoKVM Domain (Unverified),151.252.81.52
karlsonserver.direct.quickconnect.to,Possible GLKVM Domain (Unverified),100.1.116.161
kasper12.erudit23.ru,Possible NanoKVM Domain (Unverified),193.242.148.251
kavita.wen-he.icu,Possible NanoKVM Domain (Unverified),120.244.82.194
kcs2092.duckdns.org,Possible NanoKVM Domain (Unverified),123.213.37.9
kkim.top,Possible GLKVM Domain (Unverified),123.235.20.198
klinker-cabin.computer,Possible PiKVM Domain (Unverified),38.75.214.203
knzw.org,Possible GLKVM Domain (Unverified),104.56.117.144
kuma.clinic-msk-ah.ru,Possible NanoKVM Domain (Unverified),85.30.215.156
kuma.kotel-volna.ru,Possible NanoKVM Domain (Unverified),195.239.175.143
kvm-oob.parisremotehands.fr,Possible GLKVM Domain (Unverified),82.26.68.211
kvm.asi.nyc,Possible GLKVM Domain (Unverified),198.199.69.31
kvm.durbatul.uk,Possible GLKVM Domain (Unverified),143.47.179.249
kvm.hostingswift.net,Possible GLKVM Domain (Unverified),153.75.230.246
kvm.re-star.ru,Possible NanoKVM Domain (Unverified),217.13.218.239
kvm.sollysolutions.com,Possible GLKVM Domain (Unverified),165.232.62.159
kwbjr.com,Possible GLKVM Domain (Unverified),68.186.201.237
kwloo.homeip.net,Possible TinyPilot KVM Domain (Unverified),116.89.89.12
kyusiks.synology.me,Possible NanoKVM Domain (Unverified),180.67.255.80
lachipnashome.direct.quickconnect.to,Possible PiKVM Domain (Unverified),84.2.68.78
lesia.top,Possible PiKVM Domain (Unverified),47.117.22.47
lesj0610.asuscomm.com,Possible PiKVM Domain (Unverified),175.115.64.71
lesj0610.duckdns.org,Possible PiKVM Domain (Unverified),175.115.64.71
lesviallon.fr,Possible PiKVM Domain (Unverified),176.136.252.152
lfire.asuscomm.com,Possible NanoKVM Domain (Unverified),188.226.4.190
llaves.carpintek.es,Possible PiKVM Domain (Unverified),90.164.254.165
local.deepbits.com,Possible NanoKVM Domain (Unverified),172.15.55.221
localracc.argyll.live,Possible GLKVM Domain (Unverified),77.103.109.134
longdog.net305.ru,Possible NanoKVM Domain (Unverified),80.92.211.234
lonxw7.easypanel.host,Possible GLKVM Domain (Unverified),143.198.80.150
losroques.duckdns.org,Possible GLKVM Domain (Unverified),82.65.53.121
lsylsy.synology.me,Possible NanoKVM Domain (Unverified),58.37.31.3
lynchtek.com,Possible PiKVM Domain (Unverified),73.45.150.207
mail.bestdirectlandhomes.com,Possible GLKVM Domain (Unverified),81.17.96.138
mail.leem.dk,Possible PiKVM Domain (Unverified),91.226.144.173
mail03-vps.hlpnet.dk,Possible GLKVM Domain (Unverified),172.233.41.176
manage.youngapps.net,Possible NanoKVM Domain (Unverified),107.11.148.122
manager.starry-plain.cn,Possible PiKVM Domain (Unverified),103.27.79.112
matrix.dnmhub.com,Possible PiKVM Domain (Unverified),186.19.17.134
mazcorb.corbeau.nom.fr,Possible NanoKVM Domain (Unverified),82.64.91.13
mcnallwa.com,Possible PiKVM Domain (Unverified),172.92.254.98
mcrena-lgk.netcraze.pro,Possible NanoKVM Domain (Unverified),195.128.97.113
media-server.netaqcess.net,Possible GLKVM Domain (Unverified),70.181.70.35
mediaivan.kromskii.ru,Possible NanoKVM Domain (Unverified),5.128.67.170
memos.093363.xyz,Possible PiKVM Domain (Unverified),119.29.217.214
messenger.agata.rip,Possible NanoKVM Domain (Unverified),5.20.29.106
micasanotu.casa,Possible GLKVM Domain (Unverified),148.74.144.237
mm.itili4.ru,Possible NanoKVM Domain (Unverified),95.215.148.190
moxdemo.ckinf.com,Possible GLKVM Domain (Unverified),176.149.234.91
ms.ywmeis.com,Possible PiKVM Domain (Unverified),122.226.124.94
my-downloads.direct.quickconnect.to,Possible GLKVM Domain (Unverified),67.208.54.121
mycloudsolution01.direct.quickconnect.to,Possible GLKVM Domain (Unverified),82.37.80.52
nas-argentine-huberlant.direct.quickconnect.to,Possible GLKVM Domain (Unverified),179.0.182.15
nas-iwg.direct.quickconnect.to,Possible GLKVM Domain (Unverified),79.57.210.123
nas.soveren-service.ru,Possible NanoKVM Domain (Unverified),78.29.17.54
nas.tooni.kr,Possible NanoKVM Domain (Unverified),1.252.129.83
naturalnrg.myqnapcloud.com,Possible PiKVM Domain (Unverified),92.84.40.96
net305.ru,Possible NanoKVM Domain (Unverified),80.92.211.234
netcrazelaine.netcraze.pro,Possible GLKVM Domain (Unverified),94.19.185.32
next.smartshape.io,Possible PiKVM Domain (Unverified),130.180.220.15
nextcloud.tuna.yakovlev-nl-01.abrdns.com,Possible NanoKVM Domain (Unverified),185.239.51.213
nginx.siruguet.fr,Possible NanoKVM Domain (Unverified),77.193.113.210
nocturnalnick.com,Possible NanoKVM Domain (Unverified),125.238.204.185
node1.santasrv.com,Possible NanoKVM Domain (Unverified),183.103.220.104
nohany.duckdns.org,Possible PiKVM Domain (Unverified),174.113.199.220
nsrkeenetic.keenetic.link,Possible PiKVM Domain (Unverified),46.39.239.117
obluchatel.netcraze.club,Possible PiKVM Domain (Unverified),176.99.166.251
ocaldk.direct.quickconnect.to,Possible GLKVM Domain (Unverified),91.226.145.67
oifdgok.crazedns.ru,Possible NanoKVM Domain (Unverified),185.160.137.198
ollama.arbrit.duckdns.org,Possible PiKVM Domain (Unverified),70.112.90.12
omvoid.direct.quickconnect.to,Possible GLKVM Domain (Unverified),95.31.158.66
oo.betalab.fr,Possible NanoKVM Domain (Unverified),176.190.55.109
ops.euroident.de,Possible GLKVM Domain (Unverified),87.140.5.121
orazkarabayev.direct.quickconnect.to,Possible GLKVM Domain (Unverified),107.221.55.208
oscam.infra.iveritas.eu,Possible PiKVM Domain (Unverified),151.249.104.188
osf6pzc62w92t43q.myfritz.net,Possible GLKVM Domain (Unverified),80.137.239.129
outlaw.synology.me,Possible GLKVM Domain (Unverified),31.208.183.71
outlawviking.synology.me,Possible PiKVM Domain (Unverified),24.159.249.210
overseerr.cptarn.com,Possible GLKVM Domain (Unverified),213.119.77.96
p.sjia.cc,Possible PiKVM Domain (Unverified),47.115.200.15
p1.galgo.io,Possible NanoKVM Domain (Unverified),138.97.201.116
pacificgreen420.com,Possible NanoKVM Domain (Unverified),199.247.7.53
pavelrosario-zgchqqrgjp.dynamic-m.com,Possible NanoKVM Domain (Unverified),108.35.97.148
pcj8110.direct.quickconnect.to,Possible NanoKVM Domain (Unverified),112.168.75.177
pcj8110.synology.me,Possible NanoKVM Domain (Unverified),112.168.75.177
pearelab.duckdns.org,Possible PiKVM Domain (Unverified),62.182.225.233
pelican-wings.local.zmcna.net,Possible PiKVM Domain (Unverified),23.121.95.13
perov6.signum.video,Possible NanoKVM Domain (Unverified),94.41.172.240
photo.phongit.duckdns.org,Possible PiKVM Domain (Unverified),171.247.69.27
pikvm.cogo.ovh,Possible PiKVM Domain (Unverified),82.65.3.131
pkkhome.direct.quickconnect.to,Possible GLKVM Domain (Unverified),210.6.200.250
pm.axlmotors.com,Possible PiKVM Domain (Unverified),172.234.247.51
pnw-ds-918.direct.quickconnect.to,Possible PiKVM Domain (Unverified),87.148.49.146
pnz-cdn.ru,Possible NanoKVM Domain (Unverified),109.194.141.174
portainer.sateli.eu,Possible NanoKVM Domain (Unverified),88.23.74.252
portainer.uberudder.net,Possible PiKVM Domain (Unverified),204.111.53.236
povedenie.erudit23.ru,Possible NanoKVM Domain (Unverified),193.242.148.251
presta.matyspc.pl,Possible GLKVM Domain (Unverified),109.173.160.252
prizmed.ru,Possible NanoKVM Domain (Unverified),93.179.84.229
profibiz.synology.me,Possible TinyPilot KVM Domain (Unverified),184.145.144.36
pve.369.wiki,Possible GLKVM Domain (Unverified),119.179.12.49
px-0.sam.net.ru,Possible NanoKVM Domain (Unverified),46.32.81.28
px.squirrelpiles.com,Possible GLKVM Domain (Unverified),73.71.126.150
pxks.ziir.top,Possible PiKVM Domain (Unverified),162.14.78.172
qbszufws1832.direct.quickconnect.to,Possible NanoKVM Domain (Unverified),106.73.126.225
qtorrent.alexserv.xyz,Possible PiKVM Domain (Unverified),82.77.117.180
r1-cam-guangzhou-dev.glkvm.cn,Possible GLKVM Domain (Unverified),14.215.162.195
r1-guangzhou-dev.glkvm.cn,Possible GLKVM Domain (Unverified),14.215.162.114
r1-lax-pre.glkvm.xyz,Possible GLKVM Domain (Unverified),216.106.181.141
r10.glkvm.top,Possible GLKVM Domain (Unverified),169.197.143.190
r11.glkvm.top,Possible GLKVM Domain (Unverified),67.220.94.113
r12.glkvm.top,Possible GLKVM Domain (Unverified),15.235.162.252
r13.glkvm.com,Possible GLKVM Domain (Unverified),164.52.6.38
r25-guangzhou-test.glkvm.cn,Possible GLKVM Domain (Unverified),14.215.162.120
r3.glkvm.cn,Possible GLKVM Domain (Unverified),203.2.119.124
r3.glkvm.com,Possible GLKVM Domain (Unverified),172.99.188.182
r4.glkvm.cn,Possible GLKVM Domain (Unverified),14.22.113.179
r4.glkvm.com,Possible GLKVM Domain (Unverified),67.220.73.86
r5.glkvm.cn,Possible GLKVM Domain (Unverified),110.188.24.21
r5.glkvm.top,Possible GLKVM Domain (Unverified),23.150.248.245
r55-guangzhou-test.glkvm.cn,Possible GLKVM Domain (Unverified),107.173.152.173
r6.glkvm.com,Possible GLKVM Domain (Unverified),193.108.119.147
r7.glkvm.com,Possible GLKVM Domain (Unverified),38.114.120.171
r8.glkvm.top,Possible GLKVM Domain (Unverified),38.75.137.91
r9.glkvm.com,Possible GLKVM Domain (Unverified),38.91.101.210
rack1kvm.com,Possible GLKVM Domain (Unverified),162.35.160.124
rds.picasso-lab.ru,Possible NanoKVM Domain (Unverified),93.91.14.200
rebel-ms.dscloud.me,Possible NanoKVM Domain (Unverified),178.124.154.112
reg.rmkr.win,Possible GLKVM Domain (Unverified),162.192.120.106
renebucherag.3cx.ch,Possible PiKVM Domain (Unverified),81.63.137.17
reserv.vash-guru.ru,Possible NanoKVM Domain (Unverified),185.13.46.2
roywu.duckdns.org,Possible GLKVM Domain (Unverified),144.6.122.144
rxk65v7oqshucqy3.myfritz.net,Possible TinyPilot KVM Domain (Unverified),46.232.148.119
ryantam.myqnapcloud.com,Possible NanoKVM Domain (Unverified),98.45.157.84
s49.izex.org,Possible NanoKVM Domain (Unverified),85.234.8.225
samir715.direct.quickconnect.to,Possible PiKVM Domain (Unverified),102.214.253.6
samson168.top,Possible NanoKVM Domain (Unverified),125.59.150.58
samurai.cartelblanche.name,Possible NanoKVM Domain (Unverified),178.140.2.194
sandernf.xyz,Possible NanoKVM Domain (Unverified),51.175.234.24
santiaguito.direct.quickconnect.to,Possible PiKVM Domain (Unverified),187.191.55.26
sbdsala.nettrans.sk,Possible NanoKVM Domain (Unverified),213.81.201.84
schuballaa.de,Possible NanoKVM Domain (Unverified),217.95.59.58
scriptclaim.com,Possible GLKVM Domain (Unverified),70.61.123.210
sea-lab-storage.direct.quickconnect.to,Possible PiKVM Domain (Unverified),71.212.32.211
server-73.direct.quickconnect.to,Possible GLKVM Domain (Unverified),91.176.252.139
services.denr01.com,Possible NanoKVM Domain (Unverified),217.70.27.151
servidor-balcones.duckdns.org,Possible PiKVM Domain (Unverified),189.162.77.167
sexynos.duckdns.org,Possible NanoKVM Domain (Unverified),93.100.129.150
sgqq.tvapk.top,Possible PiKVM Domain (Unverified),43.156.249.157
sguiwm.trip51.cn,Possible PiKVM Domain (Unverified),120.53.100.14
shanewazhere.synology.me,Possible PiKVM Domain (Unverified),75.169.252.160
shelly.top,Possible GLKVM Domain (Unverified),116.148.106.5
slapps.fr,Possible GLKVM Domain (Unverified),176.186.89.89
sm1c.yaykiso.su,Possible TinyPilot KVM Domain (Unverified),91.244.197.48
smaali.freeboxos.fr,Possible PiKVM Domain (Unverified),91.172.231.201
smallensky.direct.quickconnect.to,Possible NanoKVM Domain (Unverified),178.205.135.127
smart-prog.pl,Possible GLKVM Domain (Unverified),212.180.189.27
sochseno.asuscomm.com,Possible GLKVM Domain (Unverified),5.181.95.180
speedtest.zhypro.cn,Possible GLKVM Domain (Unverified),117.133.114.28
spoon78.freeboxos.fr,Possible GLKVM Domain (Unverified),82.65.110.61
srm.changheai.net,Possible GLKVM Domain (Unverified),123.180.179.218
ssl.cd-ron.org,Possible PiKVM Domain (Unverified),213.10.100.187
sslvpn.the-nova.com,Possible TinyPilot KVM Domain (Unverified),210.3.78.2
sstp.it-service18.ru,Possible NanoKVM Domain (Unverified),78.85.32.59
stallhumlegarden.se,Possible PiKVM Domain (Unverified),31.208.93.47
sterfry1988.direct.quickconnect.to,Possible GLKVM Domain (Unverified),104.15.131.52
striker-homlab.netcraze.pro,Possible PiKVM Domain (Unverified),80.245.122.84
subka.dilinkvn.ru,Possible NanoKVM Domain (Unverified),94.102.123.208
superbaldios.direct.quickconnect.to,Possible GLKVM Domain (Unverified),195.231.108.173
sver.xyz,Possible NanoKVM Domain (Unverified),211.37.58.196
sy.zhypro.cn,Possible GLKVM Domain (Unverified),106.52.180.169
synoinstall-5zcn2ovk9dur0a31.direct.quickconnect.to,Possible GLKVM Domain (Unverified),107.221.55.208
t.xpen.io,Possible PiKVM Domain (Unverified),46.188.22.50
tagl-sav.synology.me,Possible NanoKVM Domain (Unverified),178.38.229.69
tail.pc4.comfyui.anzerio.ddns.net,Possible PiKVM Domain (Unverified),59.149.133.252
telegram.goan.su,Possible NanoKVM Domain (Unverified),95.161.90.242
tengyitmnas.ddns.net,Possible PiKVM Domain (Unverified),60.240.46.89
tfx.myqnapcloud.com,Possible GLKVM Domain (Unverified),176.99.132.189
thefox.direct.quickconnect.to,Possible GLKVM Domain (Unverified),130.255.9.82
tor.akeb.ru,Possible NanoKVM Domain (Unverified),95.84.158.6
torrent.galind.io,Possible PiKVM Domain (Unverified),68.127.187.32
torrent.soosin.com,Possible NanoKVM Domain (Unverified),221.154.199.48
transmission.homelab.arakchi.net,Possible NanoKVM Domain (Unverified),37.153.46.134
trek.schuller-privat.de,Possible GLKVM Domain (Unverified),87.106.162.176
truenas.patben8.net,Possible NanoKVM Domain (Unverified),83.83.58.28
tsq7luf4ii7q4bl6.myfritz.net,Possible PiKVM Domain (Unverified),92.74.148.213
turridning.oestrup.dk,Possible NanoKVM Domain (Unverified),5.103.215.195
unraid.cossidcabin.duckdns.org,Possible NanoKVM Domain (Unverified),209.23.71.120
update.one-kvm.cn,Possible PiKVM Domain (Unverified),114.132.219.100
us.ai-moe.com,Possible GLKVM Domain (Unverified),154.21.87.116
vault.sa.design,Possible NanoKVM Domain (Unverified),46.44.2.176
vazor.asuscomm.com,Possible NanoKVM Domain (Unverified),134.249.77.40
vernid.net,Possible NanoKVM Domain (Unverified),71.61.163.95
vpn.arbrit.duckdns.org,Possible PiKVM Domain (Unverified),70.112.90.12
vpnuk.grayzr.com,Possible GLKVM Domain (Unverified),95.179.237.179
webfiles.mochulsky.ru,Possible NanoKVM Domain (Unverified),185.244.46.172
wger.balsa.dedyn.io,Possible PiKVM Domain (Unverified),101.188.42.95
whm.wildcard.juban3.com,Possible NanoKVM Domain (Unverified),207.66.79.54
wielgosz.pro,Possible PiKVM Domain (Unverified),31.130.103.134
wiki.build-sandbox.ru,Possible NanoKVM Domain (Unverified),62.192.240.24
win.mak.jp,Possible GLKVM Domain (Unverified),106.72.35.161
wireguard.tartarus6.com,Possible NanoKVM Domain (Unverified),96.234.148.166
woyaofacai888.i234.me,Possible PiKVM Domain (Unverified),118.250.183.13
www.basschouten.com,Possible PiKVM Domain (Unverified),82.163.41.149
www.bktv.us,Possible PiKVM Domain (Unverified),159.118.224.230
www.brigplus.ru,Possible NanoKVM Domain (Unverified),81.30.214.67
www.ci4i15e.r2.glkvm.com,Possible GLKVM Domain (Unverified),34.206.17.242
www.cormanda.com,Possible PiKVM Domain (Unverified),118.178.227.120
www.cre4torspace.com,Possible NanoKVM Domain (Unverified),97.113.43.117
www.dcerma.cz,Possible PiKVM Domain (Unverified),213.168.181.195
www.innotron.nl,Possible NanoKVM Domain (Unverified),82.170.243.66
www.jobfinder.com.cy,Possible PiKVM Domain (Unverified),66.205.79.16
www.kwbjr.com,Possible GLKVM Domain (Unverified),68.186.201.237
www.pasarjajanan.com,Possible TinyPilot KVM Domain (Unverified),104.173.108.165
www.r1.glkvm.com,Possible GLKVM Domain (Unverified),54.165.89.19
www.r2.glkvm.com,Possible GLKVM Domain (Unverified),34.194.92.217
www.ramirezgutierrez.es,Possible NanoKVM Domain (Unverified),79.116.61.227
www.sajmon0011.cz,Possible NanoKVM Domain (Unverified),94.242.99.30
www.skala-ai.ru,Possible NanoKVM Domain (Unverified),91.77.168.128
www.skyinternational.cn,Possible GLKVM Domain (Unverified),123.180.179.218
www.techiem2.us,Possible GLKVM Domain (Unverified),23.239.15.202
www.wtl.com.tw,Possible NanoKVM Domain (Unverified),122.116.206.18
xn--80aplkicm7f.xn--p1ai,Possible NanoKVM Domain (Unverified),195.128.97.79
xn--e1akq.shop,Possible NanoKVM Domain (Unverified),194.110.8.7
xs4frank.ddns.net,Possible PiKVM Domain (Unverified),86.88.182.6
yandex5.ru,Possible NanoKVM Domain (Unverified),188.32.193.72
yoshimoto.cloud,Possible PiKVM Domain (Unverified),219.118.235.43
youan.synology.me,Possible NanoKVM Domain (Unverified),110.10.15.38
yuchen12.synology.me,Possible NanoKVM Domain (Unverified),119.167.17.32
yuills.uk,Possible NanoKVM Domain (Unverified),149.86.76.66
zjctjj.dpdns.org,Possible PiKVM Domain (Unverified),125.75.119.14
zsyq.hxlab.tech,Possible PiKVM Domain (Unverified),218.23.112.68
